{
  "product_name": "ComposeForDataLakes",
  "product_version": "3.3.0.266",
  "created_on": "10/02/2018 17:46:28",
  "objects": [
    {
      "id": 1,
      "path": "/",
      "name": "settings",
      "type": "ACProjectSettings",
      "creation_time": 0,
      "modification_time": 0,
      "inner_item": {
        "$type": "ACProjectSettings",
        "lowest_date": "1780-01-01",
        "highest_date": "9999-12-31",
        "unknown_date": "7777-07-07",
        "unknown_string": "Unknown",
        "map_name_prefix": "Map",
        "stop_after_staging": false,
        "use_datetime2": false,
        "unknown_guid": "00000000-0000-0000-0000-000000000000",
        "unknown_number": "0",
        "unknown_byte": "0",
        "dwh_key_name": "ID",
        "naming_conv": {
          "dwh_prefix": "",
          "hub_suffix": "",
          "sat_suffix": "",
          "lnk_suffix": "_L",
          "dma_prefix": "TDMA_",
          "dwh_view_prefix": "V_",
          "replicate_change_table_suffix": "__ct",
          "error_mart_suffix": "__ex",
          "dma_view_prefix": "VDMA_",
          "ct_archive_suffix": "__ar",
          "current_view_name_suffix": "_CURRENT",
          "column_prefix": "header__",
          "from_date_suffix": "from_date",
          "to_date_suffix": "to_date",
          "soft_delete_suffix": "deleted",
          "created_batch_suffix": "created_batch",
          "modified_batch_suffix": "modified_batch"
        },
        "create_ddl_scripts_only": false,
        "ignore_data_type_check": false,
        "write_tdwm_to_db": false,
        "hide_default_workflows": false,
        "exclude_to_date": true,
        "acid_transactions": false,
        "big_data_project_type": "HISTORICAL_DATASTORE_WITHOUT_ACID",
        "dwh_type": "APACHEHIVE",
        "rno_ins": "RUNNO_INSERT",
        "rno_upd": "RUNNO_UPDATE",
        "soft_delete": true,
        "hard_delete": false,
        "user_var_list": {
          "usrvarlst": [
            {
              "name": "record_source",
              "value_dbs": [
                {
                  "database_id": "4",
                  "value": "demo"
                }
              ],
              "var_type": "STRING"
            }
          ]
        },
        "name": "settings",
        "version": 636740989992990000,
        "metadata": {
          "creation_time": 636740874435485003,
          "modification_time": 636740989992990000,
          "tags": [],
          "caller_role": "NONE"
        }
      },
      "tags": [],
      "software_version": 2
    },
    {
      "id": 3,
      "path": "/",
      "name": "BCBSNC DL",
      "type": "Database",
      "creation_time": 0,
      "modification_time": 0,
      "inner_item": {
        "$type": "DatabaseDto",
        "usage": "DATA_WAREHOUSE",
        "dbms": "Apache Hive",
        "server_name": "sandbox-hdp.hortonworks.com",
        "database_name": "",
        "user_name": "centos",
        "included_schemas": "bcbsnc_training",
        "templateDatabaseType": "APACHEHIVE",
        "original_sourcedb_id": 0,
        "has_source_definition": false,
        "landing_zone": {
          "landing_type": "DATABASE",
          "replicate_task_type": "FULL_LOAD",
          "associate_with_replicate_task": false,
          "archive_settings": {
            "$type": "HiveArchiveSettings",
            "archive_format": "ORC",
            "ct_post_processing": "DO_NOTHING"
          }
        },
        "port": 10000,
        "db_settings": {
          "$type": "HiveDbSettings",
          "use_buckets": true,
          "number_of_buckets": 2,
          "format": "PARQUET",
          "authentication_type": "USERNAME",
          "authentication_settings": {
            "$type": "HadoopKerberosConfiguration",
            "service_name": "hive",
            "kdc_server_type": "MIT"
          },
          "ssl_configuration": {
            "use_ssl": false,
            "allow_self_signed_certs": false
          }
        },
        "multibyte_character_multiplier": 1,
        "apply_ddl_changes": false,
        "max_table_cols_single_read": 100,
        "id": 3,
        "name": "BCBSNC DL",
        "version": 636740900406520000,
        "metadata": {
          "creation_time": 636740900406528615,
          "modification_time": 636740900406520000,
          "tags": [],
          "caller_role": "NONE"
        }
      },
      "tags": [],
      "software_version": 4
    },
    {
      "id": 4,
      "path": "/",
      "name": "BCBSNC LZ",
      "type": "Database",
      "creation_time": 0,
      "modification_time": 0,
      "inner_item": {
        "$type": "DatabaseDto",
        "usage": "SOURCE",
        "server_name": "",
        "database_name": "",
        "included_schemas": "*",
        "templateDatabaseType": "APACHEHIVE",
        "dma_schema": "*",
        "original_sourcedb_id": 0,
        "has_source_definition": false,
        "landing_zone": {
          "landing_type": "DATABASE",
          "schema_name": "demo_lz",
          "replicate_task_type": "FULL_LOAD_AND_CDC",
          "replicate_task_name": "DEMOAPP_ORA_SRC_TO_HDP_TGT_SEQ",
          "associate_with_replicate_task": true,
          "replicate_server_name": "Local Replicate",
          "archive_settings": {
            "$type": "HiveArchiveSettings",
            "archive_format": "ORC",
            "ct_post_processing": "DO_NOTHING"
          }
        },
        "port": 0,
        "db_settings": {
          "$type": "HiveDbSettings",
          "use_buckets": true,
          "number_of_buckets": 2,
          "format": "ORC",
          "authentication_type": "USERNAME",
          "ssl_configuration": {
            "use_ssl": false,
            "allow_self_signed_certs": false
          }
        },
        "multibyte_character_multiplier": 1,
        "apply_ddl_changes": false,
        "max_table_cols_single_read": 100,
        "id": 4,
        "name": "BCBSNC LZ",
        "version": 636740989989700000,
        "metadata": {
          "creation_time": 636740907431081459,
          "modification_time": 636740989989700000,
          "tags": [],
          "caller_role": "NONE"
        }
      },
      "tags": [],
      "software_version": 4
    },
    {
      "id": 5,
      "path": "/",
      "name": "BCBSNC LZ_Landing",
      "type": "Database",
      "creation_time": 0,
      "modification_time": 0,
      "inner_item": {
        "$type": "DatabaseDto",
        "usage": "SOURCE",
        "dbms": "Apache Hive",
        "server_name": "sandbox-hdp.hortonworks.com",
        "user_name": "centos",
        "included_schemas": "demo_lz",
        "templateDatabaseType": "APACHEHIVE",
        "dma_schema": "demo_lz",
        "original_sourcedb_id": 4,
        "has_source_definition": true,
        "display_name": "Apache Hive",
        "port": 10000,
        "db_settings": {
          "$type": "HiveDbSettings",
          "use_buckets": true,
          "number_of_buckets": 2,
          "format": "PARQUET",
          "authentication_type": "USERNAME",
          "authentication_settings": {
            "$type": "HadoopKerberosConfiguration",
            "service_name": "hive",
            "kdc_server_type": "MIT"
          },
          "ssl_configuration": {
            "use_ssl": false,
            "allow_self_signed_certs": false
          }
        },
        "multibyte_character_multiplier": 1,
        "apply_ddl_changes": false,
        "max_table_cols_single_read": 100,
        "id": 5,
        "name": "BCBSNC LZ_Landing",
        "version": 636740989989760000,
        "metadata": {
          "creation_time": 636740907431091431,
          "modification_time": 636740989989760000,
          "tags": [],
          "caller_role": "NONE"
        }
      },
      "tags": [],
      "software_version": 4
    },
    {
      "id": 6,
      "path": "/",
      "name": "VersionControl",
      "type": "VersionControl",
      "creation_time": 0,
      "modification_time": 0,
      "inner_item": {
        "$type": "VersionControlDto",
        "type": "Git",
        "use_remote_server": true,
        "remote_url": "https://github.com/msalgado01/c4hdemo.git",
        "user_name": "msalgado01",
        "password": "",
        "name": "VersionControl",
        "version": 636740991716050000,
        "metadata": {
          "creation_time": 636740991716236822,
          "modification_time": 636740991716050000,
          "tags": [],
          "caller_role": "NONE"
        }
      },
      "tags": [],
      "software_version": 1
    },
    {
      "id": 2,
      "path": "/",
      "name": "BCBSNC_training",
      "type": "ExecutionServiceDto",
      "creation_time": 0,
      "modification_time": 0,
      "inner_item": {
        "$type": "ExecutionServiceDto",
        "max_runtime_instances_to_keep": 1000,
        "name": "BCBSNC_training",
        "version": 636740874435490000,
        "metadata": {
          "creation_time": 636740874435499944,
          "modification_time": 636740874435490000,
          "tags": [],
          "caller_role": "NONE"
        }
      },
      "tags": [],
      "software_version": 1
    }
  ]
}